Diff	Filename	Token Count	Text Length	Word Count	Punctuation Count	Number Count	Whitespace Count	Lines	Sentence Count	Predicted Token Count	Mistral Token Count
77	0.abap	185	893	59	122	25	181	17	100	108	258
-176	1.abap	2130	7287	755	345	80	1526	281	108	2306	2774
-143	2.abap	1397	4997	469	284	125	970	161	67	1540	1822
-39	3.abap	940	3502	345	136	60	822	109	40	979	1264
0	4.abap	1905	6605	568	294	104	1296	230	116	1905	2492
12	5.abap	1079	3578	424	133	45	1023	126	47	1067	1412
25	6.abap	3379	11388	1168	498	185	2861	365	132	3354	4550
39	7.abap	53	189	15	12	7	26	3	6	14	77
20	8.abap	46	285	19	6	1	22	5	1	26	60
38	9.abap	51	189	15	12	7	34	3	6	13	72
-33	10.abap	5577	19513	1920	961	497	4261	542	258	5610	7487
-27	11.abap	1486	5569	529	149	115	1320	165	47	1513	1976
30	12.abap	43	189	15	12	7	56	3	6	13	60
-97	13.abap	1896	6489	598	311	196	1065	206	78	1993	2490
235	14.abap	3176	10735	1101	359	242	2729	293	99	2941	4191
26	15.abap	111	540	30	12	8	92	11	3	85	151
43	16.abap	56	189	15	12	7	30	3	6	13	75
-123	17.abap	12346	42682	4015	1906	1211	9999	1233	511	12469	16815
132	18.abap	1821	6154	615	202	104	1509	182	56	1689	2415
-6	19.abap	310	1095	100	63	16	160	39	17	316	410
33	20.abap	46	189	15	12	7	50	3	6	13	65
-97	21.abap	1071	3850	410	183	77	896	131	58	1168	1397
-246	22.abap	2835	10104	1049	446	252	2430	330	138	3081	3699
20	23.abap	1495	4700	490	203	174	1004	148	54	1475	1920
-4	24.abap	3831	13108	1164	594	418	2388	380	169	3835	5086
13	25.abap	167	963	62	33	27	265	15	21	154	260
53	26.abap	1208	4160	368	151	146	995	115	49	1155	1624
-92	27.abap	1175	4235	454	189	81	903	139	54	1267	1553
-77	28.abap	1093	3743	366	187	56	753	138	48	1170	1399
143	29.abap	18300	64322	6072	2337	1530	17632	1901	749	18157	24857
75	30.abap	1212	4156	368	151	131	995	115	49	1137	1625
26	31.abap	48	303	19	18	1	22	6	14	22	68
39	32.abap	80	331	28	16	12	105	5	9	41	117
5	33.abap	158	963	62	33	27	289	15	21	153	243
115	34.abap	1302	5053	441	137	87	921	116	39	1187	1834
15	35.abap	849	2870	286	152	57	584	93	51	834	1113
982	36.abap	35756	129743	11105	3854	3285	35310	3590	1274	34774	49891
82	37.abap	191	894	59	121	25	177	17	99	109	257
10	38.abap	91	425	24	18	8	33	11	3	81	130
20	39.abap	567	2450	184	36	61	723	54	5	547	780
-30	40.abap	222	1309	63	18	18	141	31	6	252	329
-38	41.abap	3020	10608	1036	508	177	1995	331	156	3058	3869
25	42.abap	569	1909	188	85	31	450	58	9	544	750
-85	43.abap	8599	29896	3063	1338	802	7261	866	431	8684	11278
390	44.abap	7968	29629	2471	1036	528	7204	828	440	7578	10706
-43	45.abap	903	2961	301	174	108	517	93	41	946	1168
9	46.abap	807	2665	238	161	52	377	92	52	798	1079
88	47.abap	1196	4487	428	147	83	896	105	34	1108	1589
61	48.abap	1180	4112	402	198	72	935	122	74	1119	1561
48	49.abap	2827	9962	956	469	152	1964	297	142	2779	3700
-42	50.abap	1591	5432	478	253	76	980	198	81	1633	2010
37	51.abap	78	331	28	16	12	114	5	9	41	111
107	52.abap	2029	6837	600	335	115	1261	213	108	1922	2686
54	53.abap	1739	6398	576	217	122	1615	175	56	1685	2403
-168	54.abap	2225	7641	742	403	183	1290	257	105	2393	2854
63	55.abap	1889	6268	781	271	75	1646	202	100	1826	2521
41	56.abap	82	331	28	16	12	108	5	9	41	112
20	57.abap	46	285	19	6	1	22	5	1	26	60
484	58.abap	5022	16976	1656	511	343	4163	470	169	4538	6794
356	59.abap	9138	33643	2914	1246	574	7561	942	461	8782	12370
-9	60.abap	738	2450	211	122	56	380	86	31	747	916
20	61.abap	46	285	19	6	1	22	5	1	26	60
16	62.abap	78	385	20	12	8	32	9	3	62	102
30	63.abap	115	541	30	12	8	91	11	3	85	153
26	64.abap	48	303	19	18	1	22	6	14	22	68
28	65.abap	113	540	30	12	8	92	11	3	85	153
37	66.abap	258	1293	90	43	37	404	20	26	221	363
-9	67.abap	1932	6700	574	294	104	1351	236	116	1941	2526
25	68.abap	246	1293	90	43	37	424	20	26	221	360
36	69.abap	77	331	28	16	12	111	5	9	41	111
26	70.abap	48	303	19	18	1	22	6	14	22	68
17	71.abap	565	2455	184	36	61	723	54	5	548	780
-100	72.abap	8559	32860	3207	1364	695	8933	810	364	8659	11375
14	73.abap	76	383	20	12	8	34	9	3	62	102
-159	74.abap	7725	26616	2284	1063	591	5583	873	292	7884	10514
-60	75.abap	891	3037	242	186	86	434	110	62	951	1216
106	76.abap	2994	10465	934	547	228	2464	285	147	2888	3950
-533	77.abap	8403	31652	2995	1397	830	7893	869	378	8936	11383
30	78.abap	115	542	30	12	8	90	11	3	85	157
36	79.abap	365	1170	90	65	9	133	48	30	329	505
71	80.abap	179	893	59	122	25	181	17	100	108	252
123	81.abap	15366	54415	5167	1717	1107	16478	1714	710	15243	21072
14	82.abap	732	2778	264	49	63	731	77	11	718	969
26	83.abap	811	2770	273	150	54	544	85	48	785	1053
49	84.abap	207	962	61	31	29	185	15	19	158	302
22	85.abap	243	1293	90	43	37	414	20	26	221	362
87	86.abap	1290	5132	454	184	48	1339	127	61	1203	1735
-175	87.abap	1482	5206	497	298	177	1003	165	68	1657	1953
-109	88.abap	1190	4347	460	202	86	976	143	62	1299	1546
-41	89.abap	525	1854	161	92	43	332	68	27	566	681
48	90.abap	17381	61355	5687	2237	1389	16997	1843	710	17333	23501
123	91.abap	3032	10645	946	536	216	2397	289	142	2909	4037
26	92.abap	1781	5946	602	248	87	1432	195	56	1755	2233
171	93.abap	3097	10814	959	536	216	2410	289	142	2926	4128
-293	94.abap	11194	47166	4104	1150	1400	12766	1028	399	11487	15469
963	95.abap	5972	20247	2075	689	338	4837	463	202	5009	7932
123	96.abap	5869	20822	1798	1054	451	4718	573	289	5746	7812
50	97.abap	871	2956	282	121	69	699	87	34	821	1176
54	98.abap	222	1031	66	35	23	222	18	23	168	323
11	99.abap	353	1190	111	66	27	176	39	17	342	450
61	100.abap	1180	4112	402	198	72	935	122	74	1119	1561
-56	101.abap	2062	7418	662	306	114	2004	241	83	2118	2748
44	102.abap	199	963	62	33	27	169	15	21	155	308
-13	103.abap	491	1787	161	92	28	292	54	13	504	634
80	104.abap	190	895	59	120	25	173	17	98	110	266
37	105.abap	624	2195	179	108	38	307	60	16	587	756
48	106.abap	905	3717	301	91	41	1220	92	18	857	1210
-96	107.abap	12226	42295	3976	1882	1184	9926	1219	503	12322	16664
16	108.abap	78	386	20	12	8	31	9	3	62	106
-17	109.abap	1963	7109	646	337	122	1454	209	90	1980	2638
-145	110.abap	4004	14334	1512	649	294	3855	428	192	4149	5272
20	111.abap	46	285	19	6	1	22	5	1	26	60
-54	112.abap	796	2790	260	116	85	569	95	36	850	1075
5	113.abap	158	963	62	33	27	289	15	21	153	243
-82	114.abap	789	3354	272	130	64	1210	94	31	871	1064
37	115.abap	643	2568	204	76	55	692	61	18	606	878
1278	116.abap	7087	25414	2310	908	424	4146	480	220	5809	9725
314	117.abap	15199	53791	5111	1661	957	16422	1700	710	14885	20738
54	118.abap	889	3350	313	135	30	775	92	43	835	1136
295	119.abap	2381	7715	637	287	140	1331	237	109	2086	3082
38	120.abap	79	331	28	16	12	111	5	9	41	113
38	121.abap	193	963	62	33	27	201	15	21	155	292
12	122.abap	74	384	20	12	8	33	9	3	62	100
26	123.abap	48	303	19	18	1	22	6	14	22	68
20	124.abap	46	285	19	6	1	22	5	1	26	60
170	125.abap	3102	10829	961	536	216	2413	290	142	2932	4136
262	126.abap	1513	4809	492	165	44	870	140	60	1251	2001
26	127.abap	247	1293	90	43	37	414	20	26	221	371
-8	128.abap	1932	6694	574	294	104	1344	236	116	1940	2525
-162	129.abap	3983	14238	1512	649	294	3772	428	192	4145	5247
-68	130.abap	815	2952	240	86	146	626	89	25	883	1130
29	131.abap	113	539	30	12	8	93	11	3	84	153
-26	132.abap	893	2967	233	155	39	482	120	53	919	1219
9	133.abap	91	428	26	18	8	35	11	3	82	128
-50	134.abap	420	1606	136	83	38	370	54	20	470	555
6	135.abap	660	2235	200	110	47	355	74	29	654	869
-88	136.abap	1896	6465	598	311	190	1065	206	78	1984	2468
33	137.abap	254	1293	90	43	37	394	20	26	221	381
134	138.abap	566	1999	147	70	18	274	46	18	432	755
241	139.abap	3159	10701	1097	358	227	2725	293	99	2918	4165
-97	140.abap	729	2570	220	153	81	413	91	39	826	980
26	141.abap	48	303	19	18	1	22	6	14	22	68
14	142.abap	76	384	20	12	8	33	9	3	62	102
-155	143.abap	1601	5783	581	265	107	1275	200	82	1756	2150
78	144.abap	185	892	59	123	25	185	17	101	107	256
77	145.abap	1214	4156	368	151	131	995	115	49	1137	1625
-44	146.abap	2179	9699	1207	305	40	2015	213	137	2223	2841
-104	147.abap	1173	4905	659	155	12	1046	143	76	1277	1479
25	148.abap	86	541	56	20	0	59	8	16	61	112
21	149.abap	1360	5276	559	159	141	1186	124	61	1339	1788
-202	150.abap	1884	8537	1022	265	96	1489	210	135	2086	2480
-34	151.abap	2287	9923	1178	246	29	2520	250	134	2321	2982
15	152.abap	234	1249	139	27	12	201	17	8	219	284
-30	153.abap	1917	7972	1041	212	23	1871	202	96	1947	2357
5	154.abap	142	743	81	20	6	90	14	6	137	184
2	155.abap	117	664	67	16	9	81	12	6	115	158
102	156.abap	1894	7325	879	174	68	1773	185	81	1792	2485
224	157.abap	15380	59190	6363	1479	683	17674	1711	844	15156	20882
15	158.abap	1137	4521	615	134	77	924	107	77	1122	1492
-37	159.abap	885	3867	514	113	27	683	91	54	922	1075
60	160.abap	284	1482	151	133	29	269	23	104	224	366
6	161.abap	2846	11639	1364	452	108	2894	288	214	2840	3791
-239	162.abap	1677	7825	1038	258	101	1544	173	112	1916	2186
31	163.abap	376	1963	183	62	36	487	26	30	345	521
26	164.abap	993	4548	457	92	29	1376	96	31	967	1308
26	165.abap	166	854	102	28	14	185	10	12	140	212
-27	166.abap	1643	6541	867	183	128	1381	153	84	1670	2081
53	167.abap	1227	5243	600	127	57	1068	109	54	1174	1618
-76	168.abap	5203	21077	2402	805	168	5322	576	423	5279	7033
10	169.abap	162	901	102	18	9	114	13	7	152	196
-305	170.abap	1887	7904	1076	274	53	1624	260	177	2192	2469
54	171.abap	301	1458	123	49	22	279	22	26	247	411
271	172.abap	7361	29921	2977	793	260	7712	832	576	7090	9924
-163	173.abap	810	3975	521	136	43	714	95	64	973	1065
424	174.abap	5306	20157	2342	441	280	4849	484	233	4882	7053
25	175.abap	86	541	56	20	0	59	8	16	61	112
-627	176.abap	8760	38323	4418	1277	544	9316	876	516	9387	11640
34	177.abap	209	982	118	35	22	201	11	13	175	266
39	178.abap	392	2029	189	63	36	503	26	30	353	507
-263	179.abap	11053	48897	4831	945	1177	13493	1032	515	11316	15218
300	180.abap	2426	8696	975	218	82	1669	243	156	2126	3079
-201	181.abap	11705	43843	4989	1557	794	10973	1233	685	11906	15976
11	182.abap	975	4190	486	74	60	953	88	22	964	1231
3	183.abap	118	662	62	15	12	75	12	6	115	156
-249	184.abap	3901	16326	2156	515	138	4499	433	280	4150	5112
-84	185.abap	896	3668	366	86	138	752	93	35	980	1210
-7	186.abap	655	2750	338	81	21	600	64	20	662	842
3	187.abap	234	1400	123	43	26	350	19	24	231	328
26	188.abap	349	1842	164	60	36	488	25	29	323	487
-203	189.abap	11914	45257	5108	1609	806	11058	1227	666	12117	16189
70	190.abap	318	1610	167	129	34	281	24	103	248	421
926	191.abap	6128	22962	2674	632	232	5436	467	264	5202	8082
24	192.abap	101	534	65	22	6	106	6	8	77	124
16	193.abap	694	3196	303	49	59	842	60	11	678	911
22	194.abap	95	559	64	10	0	67	7	3	73	113
12	195.abap	156	840	86	18	12	97	13	7	144	206
-86	196.abap	1693	7041	860	220	22	1362	201	115	1779	2117
-300	197.abap	2770	11435	1506	345	150	2887	332	203	3070	3631
241	198.abap	1602	5742	698	151	24	1076	144	77	1361	2083
22	199.abap	95	559	64	10	0	67	7	3	73	113
25	200.abap	86	541	56	20	0	59	8	16	61	112
133	201.abap	2097	8504	1020	200	86	2059	187	93	1964	2911
-370	202.abap	3981	16567	2163	530	151	4422	460	264	4351	5254
-80	203.abap	539	2428	308	80	21	479	71	45	619	701
209	204.abap	15029	56221	6070	1449	682	17381	1719	857	14820	20429
20	205.abap	257	1314	149	36	9	209	18	8	237	316
-91	206.abap	940	4064	552	150	66	768	96	68	1031	1205
86	207.abap	18139	68109	7249	2050	1196	18809	1905	907	18053	24620
18	208.abap	253	1340	143	31	12	206	18	8	235	316
-63	209.abap	3241	12340	1535	429	73	3228	368	194	3304	4362
-202	210.abap	7968	31315	4010	1028	389	8208	868	607	8170	10384
22	211.abap	95	559	64	10	0	67	7	3	73	113
47	212.abap	1269	5700	617	156	14	1502	129	84	1222	1710
35	213.abap	154	767	91	25	11	171	9	12	119	193
78	214.abap	302	1543	163	129	31	289	22	106	224	391
-179	215.abap	2010	9259	1161	265	90	1628	210	136	2189	2581
-130	216.abap	3713	15892	1947	410	230	3171	384	269	3843	4919
32	217.abap	174	870	103	30	14	189	10	13	142	219
10	218.abap	1072	4444	553	122	60	970	99	50	1062	1411
-15	219.abap	1252	4766	633	144	38	1232	136	60	1267	1599
23	220.abap	219	1174	132	24	6	193	16	8	196	265
6	221.abap	159	810	92	20	12	101	14	6	153	214
989	222.abap	35872	130334	11189	3873	3287	35394	3595	1281	34883	50020
22	223.abap	95	559	64	10	0	67	7	3	73	113
7	224.abap	127	701	81	15	6	94	12	6	120	163
-152	225.abap	2258	8796	1219	271	5	1990	285	152	2410	2865
25	226.abap	86	541	56	20	0	59	8	16	61	112
25	227.abap	86	541	56	20	0	59	8	16	61	112
1234	228.abap	7199	27438	2873	837	323	4709	489	278	5965	9777
-24	229.abap	481	2230	304	67	18	369	47	30	505	594
27	230.abap	375	1994	188	61	36	522	26	30	348	499
-129	231.abap	5322	22033	2819	734	217	5160	545	390	5451	7055
22	232.abap	357	1914	175	64	36	499	25	30	335	492
-55	233.abap	573	2548	346	110	25	580	58	38	628	720
5	234.abap	234	1382	118	45	26	345	19	24	229	328
-242	235.abap	3657	15030	1981	471	138	4240	417	264	3899	4828
-113	236.abap	3199	12301	1604	637	51	2563	339	237	3312	4124
41	237.abap	17156	68136	7778	1777	689	19091	1858	987	17115	22928
67	238.abap	301	1544	159	132	38	281	22	106	234	393
-128	239.abap	843	3646	437	144	54	629	111	86	971	1172
-133	240.abap	8306	35598	4334	1084	331	10060	816	527	8439	10945
54	241.abap	308	1683	184	134	28	306	24	106	254	399
21	242.abap	792	3545	386	82	50	874	69	30	771	1047
38	243.abap	2078	7471	991	295	66	1856	212	112	2040	2735
-75	244.abap	1737	7371	840	159	99	1631	182	65	1812	2243
-29	245.abap	756	3422	433	100	24	588	77	48	785	975
22	246.abap	95	559	64	10	0	67	7	3	73	113
36	247.abap	173	847	104	29	14	181	9	12	137	218
81	248.abap	2074	8180	1024	279	30	1685	218	160	1993	2695
15	249.abap	244	1306	144	31	9	206	18	8	229	301
18	250.abap	711	3294	315	49	59	854	61	12	693	936
-15	251.abap	2809	11929	1555	354	20	2563	301	215	2824	3678
-136	252.abap	4401	18089	2467	536	202	4727	443	288	4537	5843
96	253.abap	1252	4188	404	139	27	1066	165	108	1156	1770
22	254.abap	255	907	87	16	2	216	38	16	233	327
-35	255.abap	1247	4352	406	126	30	1177	195	116	1282	1722
86	256.abap	1950	6899	674	287	108	2205	221	147	1864	2720
137	257.abap	3729	13479	1266	522	162	4187	441	289	3592	5249
152	258.abap	1949	6894	673	248	82	2126	219	142	1797	2776
40	259.abap	571	2243	233	55	0	696	73	43	531	768
-27	260.abap	1220	4263	400	126	30	1129	189	116	1247	1689
-99	261.abap	655	2253	258	79	12	646	112	48	754	890
119	262.abap	359	1277	95	18	2	223	34	18	240	518
461	263.abap	6781	25550	2306	638	228	6954	791	461	6320	9507
-204	264.abap	1428	4891	583	173	4	1355	239	108	1632	1952
105	265.abap	1879	6710	658	248	82	2110	218	142	1774	2677
-25	266.abap	207	799	89	20	2	221	37	13	232	306
153	267.abap	1944	6879	671	248	82	2123	218	142	1791	2768
441	268.abap	5879	22504	1939	504	239	6673	696	440	5438	8189
-36	269.abap	1247	4358	406	126	30	1184	195	116	1283	1723
267	270.abap	1677	5288	465	115	64	1160	195	109	1410	2248
-159	271.abap	711	2652	297	112	49	799	119	67	870	1016
1607	272.abap	28173	103350	9157	1906	1934	33363	3104	1274	26566	40370
26	273.abap	505	2100	168	40	46	657	53	18	479	722
40	274.abap	1068	3688	332	115	137	960	107	49	1028	1464
33	275.abap	177	904	58	29	26	198	15	21	144	273
38	276.abap	737	3146	257	47	29	1177	82	18	699	1019
12	277.abap	534	2332	176	28	59	716	53	5	522	743
490	278.abap	14057	49666	4964	1229	809	16525	1625	749	13567	19606
37	279.abap	40	130	11	8	6	27	3	6	3	56
-78	280.abap	692	2540	208	54	138	595	82	25	770	991
10	281.abap	532	2337	176	28	59	716	53	5	522	743
51	282.abap	1259	4747	452	93	70	1492	145	56	1208	1833
5	283.abap	669	2564	248	33	59	716	74	11	664	898
38	284.abap	183	904	58	29	26	166	15	21	145	289
-52	285.abap	1305	4840	466	110	26	1809	193	83	1357	1852
498	286.abap	4087	13814	1412	267	231	3920	410	169	3589	5678
43	287.abap	191	903	57	27	28	182	15	19	148	283
36	288.abap	2440	8199	924	254	73	2618	305	132	2404	3434
83	289.abap	923	3555	356	75	57	825	88	34	840	1272
-103	290.abap	528	2465	208	66	42	1147	79	31	631	764
-49	291.abap	581	1900	157	79	11	407	102	53	630	857
22	292.abap	281	884	70	45	4	114	44	30	259	410
-28	293.abap	143	529	60	23	6	121	30	17	171	222
34	294.abap	37	130	11	8	6	23	3	6	3	58
32	295.abap	35	130	11	8	6	31	3	6	3	53
-41	296.abap	170	1128	51	6	15	130	29	6	211	268
-109	297.abap	5298	18268	1676	455	245	4976	722	292	5407	7586
-42	298.abap	682	3301	446	85	12	564	63	29	724	795
28	299.abap	871	3983	507	145	15	643	63	36	843	1004
-1	300.abap	293	1138	171	52	2	217	32	17	294	350
-51	301.abap	591	2730	356	128	10	447	54	29	642	686
76	302.abap	5523	22690	2616	690	142	4908	595	420	5447	7252
95	303.abap	7931	32747	3782	1085	233	7308	818	585	7836	10413
-160	304.abap	8415	35007	4524	1026	317	8331	859	576	8575	10942
5	305.abap	527	2527	335	90	10	397	39	25	522	604
-22	306.abap	362	1666	241	57	0	251	34	10	384	450
-87	307.abap	1459	6087	811	228	57	992	138	63	1546	1844
30	308.abap	651	3298	449	114	4	513	42	44	621	767
-13	309.abap	382	1720	248	57	0	259	35	10	395	471
30	310.abap	93	436	52	9	0	53	7	1	63	117
101	311.abap	718	3624	454	133	27	453	18	21	617	821
22	312.abap	635	2852	342	102	11	473	51	24	613	739
-22	313.abap	343	1550	231	50	0	241	34	10	365	424
5	314.abap	310	1585	214	44	0	219	23	9	305	380
16	315.abap	84	412	60	7	0	63	8	1	68	104
-70	316.abap	83	336	54	6	0	67	28	0	153	111
31	317.abap	655	3330	450	114	4	514	42	44	624	774
31	318.abap	38	153	26	5	2	26	2	2	7	41
13	319.abap	81	416	61	7	0	64	8	1	68	102
6	320.abap	309	1575	213	44	0	218	23	9	303	379
-10	321.abap	3538	13607	1599	522	185	3835	358	210	3548	4672
28	322.abap	871	3983	507	145	15	643	63	36	843	1004
36	323.abap	35	173	30	4	0	29	0	1	-1	38
14	324.abap	84	442	63	8	0	66	8	2	70	107
21	325.abap	91	447	58	8	0	60	8	1	70	117
50	326.abap	1591	6337	556	154	53	1980	203	124	1541	2269
-40	327.abap	275	905	111	40	36	202	44	28	315	401
-50	328.abap	412	1488	145	17	27	425	68	17	462	614
-150	329.abap	1925	7498	706	170	66	2043	291	153	2075	2676
-47	330.abap	1231	4161	398	115	101	1197	174	94	1278	1750
-38	331.abap	431	1648	192	57	27	575	62	37	469	601
21	332.abap	32	244	15	14	0	19	6	14	11	49
-36	333.abap	275	905	111	40	32	202	44	28	311	400
19	334.abap	78	420	22	4	6	87	10	3	59	113
14	335.abap	30	226	15	2	0	19	5	1	16	41
-116	336.abap	1047	3394	469	119	85	992	145	69	1163	1422
21	337.abap	32	244	15	14	0	19	6	14	11	49
124	338.abap	1735	6231	556	152	82	1759	207	111	1611	2492
220	339.abap	8414	29187	3175	1064	677	9053	894	549	8194	11573
-50	340.abap	484	1655	148	56	33	443	84	51	534	719
230	341.abap	1368	5150	418	120	83	1751	124	66	1138	1971
-138	342.abap	2251	8744	754	227	189	2783	296	149	2389	3201
-78	343.abap	713	2609	235	70	45	799	117	62	791	1075
14	344.abap	30	226	15	2	0	19	5	1	16	41
-60	345.abap	793	2458	301	78	33	588	127	65	853	1112
-36	346.abap	2925	11137	984	288	171	3524	370	182	2961	4156
-35	347.abap	276	907	111	40	32	202	44	28	311	402
3	348.abap	230	1261	88	40	41	434	22	27	227	361
-16	349.abap	3342	12581	1091	293	278	3382	406	208	3358	4859
-36	350.abap	275	905	111	40	32	202	44	28	311	400
7	351.abap	151	904	58	29	26	222	15	21	144	249
-49	352.abap	708	2376	257	76	35	622	111	62	757	1018
-63	353.abap	787	2410	301	78	33	588	127	65	850	1100
-10	354.abap	168	578	58	9	3	182	32	9	178	212
-5	355.abap	3374	12688	1106	294	281	3417	407	209	3379	4852
257	356.abap	7518	27212	3006	999	403	8658	803	509	7261	10235
-57	357.abap	797	2461	301	78	33	588	127	65	854	1117
66	358.abap	133	732	47	112	22	178	15	102	67	200
-50	359.abap	3711	14253	1267	350	312	4338	442	226	3761	5306
3	360.abap	1849	6497	705	205	98	2330	217	87	1846	2578
136	361.abap	1829	6424	587	160	85	1752	218	115	1693	2608
6	362.abap	117	487	40	15	13	55	15	5	111	177
-15	363.abap	61	334	21	14	9	31	12	3	76	91
-40	364.abap	275	905	111	40	36	202	44	28	315	401
28	365.abap	8125	32082	3467	1072	492	11310	835	488	8097	10996
-40	366.abap	275	905	111	40	36	202	44	28	315	401
165	367.abap	12796	45970	4758	1596	849	13654	1444	876	12631	18063
-38	368.abap	273	901	111	40	32	202	44	28	311	397
21	369.abap	80	421	22	4	6	86	10	3	59	115
-48	370.abap	1305	4854	456	124	81	1398	179	95	1353	1885
22	371.abap	3470	13052	1137	303	231	3551	429	220	3448	4977
9	372.abap	984	3237	403	107	41	1007	120	49	975	1310
-36	373.abap	275	905	111	40	32	202	44	28	311	399
147	374.abap	7807	27353	2888	996	634	8290	839	503	7660	10722
-36	375.abap	275	905	111	40	32	202	44	28	311	400
3	376.abap	802	2416	263	96	35	485	119	75	799	1129
-41	377.abap	2484	9547	822	239	184	3079	311	159	2525	3523
0	378.abap	2631	10049	837	257	188	2671	331	191	2631	3834
26	379.abap	29	130	11	8	6	37	3	6	3	47
30	380.abap	60	272	24	12	11	114	5	9	30	91
-16	381.abap	60	338	21	14	9	31	12	3	76	92
-34	382.abap	703	2417	219	67	49	713	109	62	737	1044
7	383.abap	43	265	12	4	6	27	8	3	36	64
-1	384.abap	142	904	58	29	26	286	15	21	143	224
-37	385.abap	255	913	107	34	13	316	43	18	292	355
-63	386.abap	788	2416	301	78	33	588	127	65	851	1102
7	387.abap	150	904	58	29	26	254	15	21	143	240
-15	388.abap	2954	11315	984	288	171	3702	370	182	2969	4181
-36	389.abap	275	905	111	40	32	202	44	28	311	400
72	390.abap	139	733	47	111	22	174	15	101	67	203
-35	391.abap	1735	6508	696	167	74	2116	227	122	1770	2388
26	392.abap	29	130	11	8	6	45	3	6	3	44
-43	393.abap	851	2786	295	96	68	831	117	55	894	1206
23	394.abap	2592	9843	821	244	191	2523	320	182	2569	3773
-139	395.abap	2868	10713	999	286	302	3363	347	172	3007	4019
53	396.abap	525	2073	157	38	44	591	54	19	472	750
-10	397.abap	155	540	53	8	3	167	30	8	165	225
4	398.abap	128	499	43	6	9	151	21	6	124	196
-81	399.abap	435	1534	150	42	43	458	78	40	516	646
-40	400.abap	275	905	111	40	36	202	44	28	315	401
-90	401.abap	1722	5948	616	190	91	1565	247	139	1812	2436
-37	402.abap	274	905	111	40	32	202	44	28	311	400
-158	403.abap	600	2077	232	89	83	652	97	45	758	864
19	404.abap	229	1234	86	39	36	421	20	26	210	338
-218	405.abap	4010	14542	1429	359	256	4391	557	290	4228	5725
-17	406.abap	354	1104	140	33	30	259	53	27	371	487
32	407.abap	63	272	24	12	11	111	5	9	31	91
5	408.abap	41	264	12	4	6	28	8	3	36	62
24	409.abap	27	130	11	8	6	53	3	6	3	41
-19	410.abap	289	1040	96	15	18	269	47	14	308	387
-40	411.abap	275	905	111	40	36	202	44	28	315	401
34	412.abap	1319	4417	427	113	76	1368	177	96	1285	1899
-97	413.abap	3996	14999	1301	368	390	4055	487	257	4093	5754
169	414.abap	4711	18238	1539	372	314	5977	566	326	4542	6753
-27	415.abap	516	1781	207	63	9	527	85	57	543	745
9	416.abap	50	179	16	3	6	42	10	3	41	77
-37	417.abap	815	2440	301	78	33	588	127	65	852	1124
-18	418.abap	154	654	68	27	8	154	28	21	172	228
-123	419.abap	3706	13913	1226	346	316	3881	469	241	3829	5301
-81	420.abap	766	2760	217	67	82	736	122	67	847	1171
-62	421.abap	755	2865	301	124	31	764	105	63	817	1081
102	422.abap	1027	3563	343	78	45	1041	111	34	925	1341
-52	423.abap	589	2054	214	71	28	657	91	43	641	823
7	424.abap	43	268	12	4	6	24	8	3	36	66
8	425.abap	151	904	58	29	26	254	15	21	143	241
361	426.abap	2060	6233	692	247	106	1535	187	116	1699	2891
-5	427.abap	69	341	23	14	6	33	12	3	74	95
-1	428.abap	142	904	58	29	26	286	15	21	143	224
956	429.abap	4541	16568	1515	468	194	3244	333	184	3585	6464
7	430.abap	150	904	58	29	26	262	15	21	143	240
-44	431.abap	246	1485	92	16	32	419	31	4	290	376
256	432.abap	1573	5919	545	159	48	1801	145	80	1317	2073
75	433.abap	897	3214	300	88	42	937	105	58	822	1258
21	434.abap	80	424	22	4	6	83	10	3	59	117
-64	435.abap	1076	3679	355	125	22	853	167	81	1140	1404
-13	436.abap	63	338	21	14	9	31	12	3	76	95
-22	437.abap	660	2962	244	65	57	786	75	32	682	946
68	438.abap	138	736	47	108	22	162	15	98	70	207
26	439.abap	29	130	11	8	6	47	3	6	3	45
119	440.abap	1054	4193	372	69	63	853	100	39	935	1546
264	441.abap	1403	5269	491	138	32	1573	124	68	1139	1849
32	442.abap	63	272	24	12	11	102	5	9	31	96
26	443.abap	34	137	13	8	9	34	3	6	8	54
290	444.abap	1760	5753	621	199	82	1573	158	90	1470	2451
70	445.abap	4314	14523	1595	424	171	4837	520	199	4244	5725
-54	446.abap	373	1911	140	31	52	436	46	16	427	579
-21	447.abap	3110	10760	1118	279	87	3140	426	202	3131	4325
21	448.abap	32	244	15	14	0	19	6	14	11	49
-12	449.abap	66	347	22	14	9	32	12	3	78	99
24	450.abap	27	130	11	8	6	53	3	6	3	41
14	451.abap	30	226	15	2	0	19	5	1	16	41
20	452.abap	231	1234	86	39	36	391	20	26	211	354
256	453.abap	1165	4180	389	74	92	634	85	43	909	1668
246	454.abap	2512	7778	890	264	131	1893	261	121	2266	3416
24	455.abap	27	130	11	8	6	53	3	6	3	41
51	456.abap	1409	5232	469	128	116	1645	156	70	1358	2051
33	457.abap	1379	6233	639	128	60	1727	140	80	1346	1808
980	458.abap	9313	33587	3203	803	364	10285	971	470	8333	13061
27	459.abap	30	130	11	8	6	43	3	6	3	46
-43	460.abap	511	1717	135	74	2	318	93	52	554	684
27	461.abap	171	904	58	29	26	222	15	21	144	258
-47	462.abap	1500	5965	600	170	108	1597	171	83	1547	2128
31	463.abap	34	130	11	8	6	37	3	6	3	50
7	464.abap	986	3249	401	107	44	1007	120	49	979	1316
-88	465.abap	445	1683	166	54	31	431	77	36	533	642
-62	466.abap	366	1911	140	31	53	436	46	16	428	560
46	467.abap	466	1870	137	43	16	605	56	25	420	656
-208	468.abap	1620	5497	557	195	88	1516	256	121	1828	2256
0	469.abap	2102	7562	797	235	100	2618	246	96	2102	2902
108	470.abap	1117	3870	329	89	63	1092	122	40	1009	1637
-49	471.abap	242	1485	92	16	33	419	31	4	291	372
-110	472.abap	1510	4749	593	187	140	1436	195	93	1620	2060
-13	473.abap	63	329	21	14	9	31	12	3	76	93
-1	474.abap	142	904	58	29	26	286	15	21	143	224
69	475.abap	1484	6167	529	143	20	1993	185	106	1415	2176
77	476.abap	1319	5200	471	115	102	1746	128	43	1242	1801
-78	477.abap	2400	8215	806	205	141	2656	328	136	2478	3258
-54	478.abap	839	2766	295	96	68	831	117	55	893	1190
-29	479.abap	288	1025	104	40	19	282	47	25	317	410
10	480.abap	153	904	58	29	26	246	15	21	143	239
94	481.abap	705	2881	240	36	40	536	66	20	611	1027
-81	482.abap	709	2378	219	99	44	549	115	62	790	976
47	483.abap	187	927	60	30	13	225	17	22	140	275
160	484.abap	5168	17937	1609	436	586	6776	537	194	5008	7287
15	485.abap	47	268	12	4	2	24	8	3	32	66
345	486.abap	7833	29305	2509	486	846	10305	809	321	7488	11348
48	487.abap	182	896	58	29	18	230	15	21	134	254
-51	488.abap	903	5594	379	64	56	1579	89	35	954	1364
-122	489.abap	462	2515	196	23	61	536	65	14	584	686
-50	490.abap	610	2739	255	58	46	778	75	29	660	878
38	491.abap	245	1022	58	22	45	199	19	8	207	353
-4	492.abap	284	1011	90	33	7	235	43	15	288	406
5	493.abap	166	896	58	29	42	270	15	21	161	246
-27	494.abap	438	2191	215	26	23	552	53	21	465	595
8	495.abap	314	1520	80	12	27	473	40	11	306	461
99	496.abap	155	736	47	108	10	162	15	98	56	213
-19	497.abap	228	1392	98	18	27	557	25	8	247	341
-34	498.abap	436	1750	152	56	27	368	65	38	470	682
-88	499.abap	280	1446	97	34	24	304	50	16	368	446
-316	500.abap	5291	22525	1984	385	236	5992	685	261	5607	7698
2	501.abap	204	1105	54	10	3	254	29	4	202	308
14	502.abap	30	226	15	2	0	19	5	1	16	41
62	503.abap	202	932	60	30	13	203	17	22	140	289
-9	504.abap	209	725	62	32	18	101	35	24	218	324
56	505.abap	986	3943	329	97	88	1014	97	43	930	1452
146	506.abap	11533	39064	3677	830	2561	13332	928	383	11387	16478
-1083	507.abap	21617	86805	7718	1761	1440	25690	2702	1093	22700	30051
44	508.abap	245	1254	88	40	19	424	22	27	201	371
-77	509.abap	577	2523	249	53	47	618	80	36	654	789
-14	510.abap	656	2351	163	42	72	454	92	41	670	1000
-198	511.abap	4794	19322	1597	598	295	5463	564	227	4992	6861
-426	512.abap	1505	7936	571	145	151	1622	229	93	1931	2373
25	513.abap	154	932	60	30	4	249	17	22	129	242
85	514.abap	1803	6268	619	120	164	1786	186	48	1718	2505
45	515.abap	69	272	24	12	5	111	5	9	24	96
36	516.abap	32	130	11	8	0	45	3	6	-4	45
283	517.abap	4206	16232	1368	334	358	5041	426	203	3923	6038
52	518.abap	187	896	58	29	18	158	15	21	135	286
-26	519.abap	3517	13004	1211	241	673	4843	304	97	3543	4941
-5	520.abap	366	1153	127	44	31	387	46	11	371	513
14	521.abap	30	226	15	2	0	19	5	1	16	41
-34	522.abap	243	934	94	33	9	195	40	13	277	349
15	523.abap	1534	4672	494	172	96	1596	172	16	1519	2007
738	524.abap	16396	58330	5688	1388	2857	22092	1373	794	15658	22751
51	525.abap	166	896	58	29	2	222	15	21	115	238
-20	526.abap	1915	7698	612	232	239	2642	182	63	1935	2772
-39	527.abap	3100	12318	1046	226	563	4105	278	115	3139	4700
-82	528.abap	704	2974	291	42	158	741	69	26	786	951
-119	529.abap	435	3023	181	16	65	717	53	10	554	660
34	530.abap	39	130	11	8	8	21	3	6	5	59
13	531.abap	195	930	60	30	49	201	17	22	182	292
39	532.abap	168	926	60	30	4	233	17	22	129	247
101	533.abap	150	736	47	108	4	162	15	98	49	207
-117	534.abap	436	2128	175	24	73	482	64	19	553	630
21	535.abap	32	244	15	14	0	19	6	14	11	49
-41	536.abap	228	1191	83	29	10	228	36	11	269	361
51	537.abap	414	1537	151	69	21	463	34	10	363	550
-53	538.abap	1951	7485	741	184	106	2444	236	85	2004	2774
-9	539.abap	2349	8747	912	349	37	2219	315	236	2358	3339
84	540.abap	138	734	47	110	10	170	15	100	54	199
20	541.abap	270	1117	86	23	60	202	20	8	250	385
34	542.abap	39	130	11	8	8	25	3	6	5	61
2	543.abap	289	1216	80	40	43	271	37	32	287	455
-384	544.abap	12077	43552	4387	1260	2582	15591	825	64	12461	15313
315	545.abap	10122	36547	3547	775	1785	13679	857	424	9807	14155
-213	546.abap	1008	3980	519	165	28	1051	151	73	1221	1321
20	547.abap	80	347	18	11	2	34	11	3	60	114
19	548.abap	180	995	52	3	3	270	23	3	161	262
-73	549.abap	2401	14428	1085	168	118	3962	215	85	2474	3474
92	550.abap	772	2660	247	60	25	718	86	29	680	1062
-34	551.abap	209	844	108	34	3	184	35	17	243	285
14	552.abap	30	226	15	2	0	19	5	1	16	41
-8	553.abap	570	2156	210	59	8	599	76	22	578	803
64	554.abap	190	896	58	29	10	166	15	21	126	282
-18	555.abap	262	1164	88	10	53	229	29	5	280	376
37	556.abap	33	130	11	8	0	37	3	6	-4	45
-93	557.abap	374	2616	163	17	40	638	47	9	467	579
-98	558.abap	223	1265	75	23	35	211	44	17	321	366
89	559.abap	815	2973	237	65	87	665	77	32	726	1219
257	560.abap	1285	4046	432	105	22	809	126	60	1028	1736
38	561.abap	50	202	17	8	4	88	4	6	12	72
-523	562.abap	5648	18740	2011	409	1683	5674	475	239	6171	7828
21	563.abap	32	244	15	14	0	19	6	14	11	49
142	564.abap	1262	4677	429	103	60	1242	125	45	1120	1755
36	565.abap	190	896	58	29	34	158	15	21	154	294
28	566.abap	82	424	22	4	2	83	10	3	54	115
-98	567.abap	1138	4548	412	91	228	1543	104	15	1236	1652
-2	568.abap	344	1575	117	30	29	418	37	4	346	491
17	569.abap	49	268	12	4	2	24	8	3	32	68
92	570.abap	772	2660	247	60	25	718	86	29	680	1062
-14	571.abap	1768	6931	561	169	182	2710	172	8	1782	2468
48	572.abap	72	272	24	12	5	102	5	9	24	102
58	573.abap	193	896	58	29	18	182	15	21	135	291
38	574.abap	36	130	11	8	2	41	3	6	-2	49
41	575.abap	65	272	24	12	5	111	5	9	24	96
14	576.abap	30	226	15	2	0	19	5	1	16	41
-254	577.abap	969	4483	340	99	109	1204	152	57	1223	1492
-208	578.abap	1099	4158	442	67	319	994	111	43	1307	1534
41	579.abap	39	130	11	8	2	33	3	6	-2	53
49	580.abap	251	1265	88	40	19	394	22	27	202	363
-187	581.abap	3500	12432	1181	377	556	4250	319	24	3687	4656
61	582.abap	262	1254	88	40	19	424	22	27	201	368
297	583.abap	11978	46258	3854	1036	915	13469	1333	610	11681	18038
-45	584.abap	909	3606	309	84	90	1035	104	24	954	1269
17	585.abap	177	924	60	30	31	249	17	22	160	274
34	586.abap	31	126	11	7	1	39	3	5	-3	43
55	587.abap	195	928	60	30	13	217	17	22	140	274
-40	588.abap	104	824	34	8	22	100	17	3	144	171
-32	589.abap	1676	6243	571	135	230	2015	158	13	1708	2276
-776	590.abap	5939	26347	2236	573	343	7992	825	360	6715	8988
-925	591.abap	8619	36669	3262	1277	459	12443	1143	662	9544	13007
-200	592.abap	2585	10015	943	211	208	2806	324	97	2785	3716
-572	593.abap	9081	37973	3210	1033	807	14848	1072	512	9653	13697
14	594.abap	342	1112	100	44	76	334	28	9	328	486
27	595.abap	693	2382	269	73	16	723	87	38	666	957
-28	596.abap	365	2371	135	21	42	1010	35	2	393	564
-209	597.abap	9193	39470	3563	666	1149	10909	884	377	9402	12972
-86	598.abap	3123	11855	1148	235	341	3839	347	131	3209	4445
137	599.abap	1253	4219	422	111	156	1042	109	58	1116	1845
18	600.abap	47	268	12	4	0	24	8	3	29	66
12	601.abap	343	1551	117	24	49	510	31	5	331	485
-99	602.abap	356	2267	150	23	45	676	51	17	455	564
73	603.abap	248	1226	86	39	6	391	20	26	175	350
-49	604.abap	382	1875	130	34	27	379	54	16	431	584
-28	605.abap	425	2189	174	24	57	805	42	5	453	606
67	606.abap	560	2025	165	47	47	467	55	18	493	801
-3	607.abap	186	1022	69	8	29	211	19	3	189	281
-48	608.abap	840	5156	359	50	48	1210	84	29	888	1243
-117	609.abap	713	2646	260	94	45	707	107	34	830	1039
-79	610.abap	3437	13439	1248	282	469	4500	354	163	3516	5053
24	611.abap	158	896	58	29	18	246	15	21	134	238
25	612.abap	543	2411	184	28	57	792	51	5	518	752
-89	613.abap	485	2079	158	57	81	583	67	31	574	761
30	614.abap	84	424	22	4	2	83	10	3	54	117
48	615.abap	258	932	70	20	2	224	29	3	210	358
-34	616.abap	314	1574	103	23	29	270	45	18	348	504
49	617.abap	69	272	24	12	2	102	5	9	20	96
0	618.abap	90	467	37	7	7	66	14	4	90	143
36	619.abap	41	130	11	8	8	27	3	6	5	59
21	620.abap	32	244	15	14	0	19	6	14	11	49
19	621.abap	1069	3734	238	78	208	647	120	77	1050	1604
15	622.abap	47	266	12	4	2	26	8	3	32	66
20	623.abap	212	747	61	24	4	134	30	12	192	297
32	624.abap	86	424	22	4	2	83	10	3	54	121
33	625.abap	41	130	11	8	10	19	3	6	8	61
31	626.abap	31	130	11	8	4	43	3	6	0	46
763	627.abap	16554	65652	5623	1096	1260	19440	1726	689	15791	23890
41	628.abap	175	896	58	29	18	246	15	21	134	247
48	629.abap	1011	4001	350	72	51	1082	110	27	963	1419
36	630.abap	39	130	11	8	6	19	3	6	3	59
44	631.abap	169	896	58	29	10	222	15	21	125	241
234	632.abap	3204	11389	983	260	294	3759	322	120	2970	4394
-49	633.abap	397	2324	171	19	88	833	32	4	446	595
41	634.abap	39	130	11	8	2	25	3	6	-2	53
73	635.abap	1521	5360	538	108	193	1616	139	37	1448	2084
-115	636.abap	446	1990	155	25	138	525	53	18	561	664
14	637.abap	699	2399	269	73	24	721	89	38	685	980
-257	638.abap	18368	70079	6368	1715	3136	24537	1726	982	18625	26900
1	639.abap	47	284	12	8	2	16	10	3	46	80
60	640.abap	277	1289	90	41	22	397	24	28	217	391
21	641.abap	32	244	15	14	0	19	6	14	11	49
29	642.abap	1039	3305	359	110	92	872	105	15	1010	1456
-135	643.abap	1093	4520	414	88	193	1648	122	42	1228	1590
-7	644.abap	414	2013	125	14	92	518	34	3	421	579
72	645.abap	1600	6185	601	111	193	1750	151	72	1528	2302
-79	646.abap	793	3722	298	78	64	1386	88	4	872	1135
14	647.abap	30	226	15	2	0	19	5	1	16	41
64	648.abap	189	896	58	29	10	206	15	21	125	270
14	649.abap	30	226	15	2	0	19	5	1	16	41
246	650.abap	6616	21724	2064	478	1345	7192	545	225	6370	9398
-74	651.abap	335	1643	121	23	66	398	46	17	409	493
2	652.abap	110	516	35	10	20	128	13	2	108	176
93	653.abap	438	2069	108	6	8	795	43	4	345	625
-3	654.abap	270	1140	120	27	20	213	32	13	273	379
28	655.abap	286	1001	107	25	54	140	24	14	258	413
-207	656.abap	2773	10097	936	320	410	2606	310	147	2980	4047
17	657.abap	374	1539	151	30	8	331	48	23	357	536
38	658.abap	569	1882	207	57	48	558	59	19	531	791
31	659.abap	186	978	64	32	11	238	20	24	155	279
-104	660.abap	421	2289	177	19	55	466	59	13	525	588
-41	661.abap	727	3142	226	47	155	882	67	17	768	1059
-35	662.abap	318	2082	140	15	46	747	29	3	353	484
-4	663.abap	203	1173	73	12	38	385	19	6	207	297
6	664.abap	63	532	24	6	2	116	9	4	57	102
-5	665.abap	207	695	41	17	51	139	28	15	212	320
45	666.abap	69	272	24	12	5	102	5	9	24	96
209	667.abap	4157	14546	1308	335	587	4683	386	162	3948	5907
88	668.abap	1544	5641	548	162	112	1412	150	52	1456	2168
15	669.abap	47	265	12	4	2	27	8	3	32	66
36	670.abap	190	896	58	29	34	158	15	21	154	294
14	671.abap	30	226	15	2	0	19	5	1	16	41
191	672.abap	4498	14536	1677	534	466	4004	394	114	4307	6025
44	673.abap	68	272	24	12	5	108	5	9	24	96
-38	674.abap	2859	11530	953	277	209	3811	333	140	2897	4018
26	675.abap	33	130	11	8	10	49	3	6	7	47
56	676.abap	2507	9248	870	241	104	2969	295	109	2451	3596
464	677.abap	3319	11581	963	242	545	3455	246	148	2855	4907
-1038	678.abap	17237	69587	5853	1527	2197	21675	1889	740	18275	26114
47	679.abap	1086	5992	444	103	30	1265	100	56	1039	1641
15	680.abap	373	1560	116	37	9	506	50	21	358	553
-226	681.abap	4014	16378	1451	375	421	5618	464	210	4240	5941
-34	682.abap	369	1513	125	51	18	296	59	36	403	553
-321	683.abap	1944	7973	701	187	136	2607	286	94	2265	2874
17	684.abap	17	175	4	1	2	4	3	1	0	35
-186	685.abap	2188	9429	747	233	127	2844	289	121	2374	3310
-103	686.abap	525	2863	213	26	94	838	61	16	628	793
64	687.abap	2286	8978	838	201	272	3210	207	75	2222	3276
-11	688.abap	450	2622	183	30	38	922	41	5	461	656
-451	689.abap	15601	66822	5054	1529	767	21853	1891	735	16052	23783
6	690.abap	12878	45643	4434	901	1757	15869	1304	455	12872	17660
-30	691.abap	293	1490	118	26	45	415	32	10	323	424
32	692.abap	86	424	22	4	2	83	10	3	54	119
35	693.abap	198	896	58	29	42	150	15	21	163	302
45	694.abap	69	272	24	12	5	105	5	9	24	99
-85	695.abap	280	1564	121	18	82	504	31	6	365	426
-132	696.abap	887	3639	332	91	109	1048	103	7	1019	1283
36	697.abap	36	130	11	8	4	43	3	6	0	49
18	698.abap	76	405	21	7	11	110	9	5	58	119
-25	699.abap	270	1475	95	11	58	530	27	5	295	421
70	700.abap	942	3628	311	65	50	1070	100	24	872	1297
63	701.abap	886	2976	280	107	53	896	94	31	823	1264
43	702.abap	194	933	60	30	22	177	17	22	151	300
46	703.abap	1505	5731	485	112	221	1665	136	41	1459	2103
34	704.abap	88	325	28	14	6	98	9	7	54	128
365	705.abap	3853	14766	1201	302	467	5616	347	193	3488	5462
2	706.abap	657	2731	246	71	66	957	68	29	655	932
319	707.abap	4350	17274	1873	253	633	5962	311	146	4031	5840
-98	708.abap	221	1263	75	23	34	211	44	17	319	364
-90	709.abap	483	2077	158	57	80	583	67	31	573	759
24	710.abap	46	305	16	5	2	64	5	3	22	72
253	711.abap	2022	6838	569	158	113	1992	216	90	1769	2935
27	712.abap	535	2342	180	28	57	730	50	5	508	743
35	713.abap	975	3917	331	66	56	977	109	31	940	1365
47	714.abap	191	904	58	30	26	150	15	22	144	297
-109	715.abap	1098	4647	407	114	102	1607	121	6	1207	1555
34	716.abap	39	130	11	8	8	21	3	6	5	59
47	717.abap	187	928	60	30	13	217	17	22	140	265
13	718.abap	45	268	12	4	2	24	8	3	32	64
-131	719.abap	853	3478	343	72	203	919	89	43	984	1217
-40	720.abap	356	2355	144	16	44	747	35	4	396	547
13	721.abap	120	467	33	13	9	86	16	3	107	168
27	722.abap	1034	4017	320	61	154	1171	98	24	1007	1446
30	723.abap	84	421	22	4	2	86	10	3	54	117
5	724.abap	357	1382	126	26	13	519	46	6	352	479
21	725.abap	32	244	15	14	0	19	6	14	11	49
17	726.abap	49	268	12	4	2	24	8	3	32	70
-212	727.abap	1448	6582	535	136	102	1318	201	81	1660	2138
14	728.abap	30	226	15	2	0	19	5	1	16	41
74	729.abap	261	1226	86	39	16	391	20	26	187	371
142	730.abap	2250	8032	737	220	203	2379	200	30	2108	3303
-11	731.abap	270	1246	101	29	31	329	31	11	281	389
96	732.abap	150	734	47	110	10	170	15	100	54	211
190	733.abap	1413	4629	512	120	161	1250	115	59	1223	1887
36	734.abap	190	896	58	29	34	174	15	21	154	302
15	735.abap	31	227	15	2	0	20	5	1	16	42
-7	736.abap	757	2548	232	55	71	720	97	30	764	1028
63	737.abap	191	900	58	31	12	175	15	22	128	273
26	738.abap	670	2359	164	67	170	639	46	10	644	956
10	739.abap	182	898	58	29	42	200	17	21	172	272
-353	740.abap	3085	12398	1216	225	559	3580	322	114	3438	4500
18	741.abap	145	760	45	10	10	127	16	4	127	231
952	742.abap	25574	95976	8013	1737	2038	32596	2866	1151	24622	36856
-61	743.abap	1615	7952	607	175	68	2586	175	56	1676	2368
13	744.abap	45	265	12	4	2	27	8	3	32	66
36	745.abap	41	130	11	8	8	27	3	6	5	59
95	746.abap	150	735	47	109	10	166	15	99	55	216
54	747.abap	179	896	58	29	10	190	15	21	125	260
19	748.abap	78	518	28	4	4	48	8	2	59	134
-459	749.abap	6455	25552	2536	393	1272	8880	595	203	6914	9344
64	750.abap	573	1780	209	55	27	385	61	21	509	765
93	751.abap	149	736	47	108	10	162	15	98	56	219
41	752.abap	861	3451	272	80	78	807	86	29	820	1343
6	753.abap	551	2376	177	47	36	505	62	15	545	764
61	754.abap	177	896	58	29	2	182	15	21	116	264
-6	755.abap	211	1101	76	14	28	305	23	4	217	315
40	756.abap	1120	4449	484	98	78	1513	112	48	1080	1479
-2	757.abap	60	248	22	7	0	34	15	7	62	87
-277	758.abap	7906	33199	2719	661	552	10265	943	375	8183	11789
15	759.abap	58	374	18	6	5	108	8	4	43	94
89	760.abap	144	735	47	109	10	166	15	99	55	210
-8	761.abap	496	1948	170	62	29	434	67	40	504	754
-18	762.abap	94	607	28	11	18	64	15	6	112	159
28	763.abap	82	421	22	4	2	86	10	3	54	117
8	764.abap	295	1004	108	32	14	218	38	11	287	387
348	765.abap	5420	17333	1673	410	606	5647	556	217	5072	7372
-228	766.abap	2784	9797	955	212	714	3457	217	7	3012	3860
30	767.abap	84	422	22	4	2	85	10	3	54	117
-391	768.abap	7145	28535	2676	550	864	8781	808	376	7536	10434
-107	769.abap	1281	4997	466	95	249	1691	118	11	1388	1798
25	770.abap	322	1248	104	29	22	382	34	4	297	456
-253	771.abap	939	4384	328	99	92	1173	152	57	1192	1472
-18	772.abap	281	1551	108	20	55	548	26	9	299	422
-81	773.abap	915	3891	344	53	153	786	102	43	996	1236
-586	774.abap	20871	84633	7341	1741	2105	26466	2331	1061	21457	31198
36	775.abap	190	896	58	29	34	158	15	21	154	294
40	776.abap	36	130	11	8	0	27	3	6	-4	52
-20	777.abap	1915	7698	612	232	239	2642	182	63	1935	2772
36	778.abap	34	130	11	8	2	45	3	6	-2	46
63	779.abap	290	885	108	40	13	156	26	14	227	414
-80	780.abap	4065	14758	1478	413	383	5118	392	16	4145	5560
25	781.abap	1	1	0	0	0	1	1	0	-24	2
-14	782.abap	182	651	60	28	4	92	35	22	196	276
-35	783.abap	1227	4607	457	82	91	1102	149	44	1262	1660
312	784.abap	5241	16445	1608	401	561	5288	555	215	4929	7113
-17	785.abap	2072	7170	721	153	318	2200	208	72	2089	2854
-45	786.abap	193	1260	81	10	33	405	24	2	238	294
26	787.abap	807	3180	268	67	79	907	84	28	781	1134
65	788.abap	252	1226	86	39	16	401	20	26	187	363
-10	789.abap	1765	7950	618	188	94	3321	172	9	1775	2455
22	790.abap	66	371	18	6	5	84	8	4	44	99
158	791.abap	1484	4532	410	147	253	898	117	52	1326	2075
-20	792.abap	894	5424	368	59	48	1504	85	31	914	1310
-588	793.abap	2426	12796	1115	224	172	4506	349	146	3014	3457
43	794.abap	715	3098	282	42	15	913	84	36	672	1047
36	795.abap	41	130	11	8	8	27	3	6	5	61
-420	796.abap	4540	19146	1724	509	217	6525	629	342	4960	6995
13	797.abap	564	1950	193	72	29	521	67	23	551	724
41	798.abap	39	130	11	8	2	23	3	6	-2	57
0	799.abap	4129	16578	1697	340	338	4746	437	214	4129	5874
18	800.abap	112	653	43	20	0	129	15	15	94	175
13	801.abap	87	596	29	12	8	112	10	8	74	137
35	802.abap	16	59	4	4	1	19	1	3	-19	23
2	803.abap	48	287	12	8	2	16	10	3	46	83
3	804.abap	208	1288	74	12	33	485	19	7	205	307
30	805.abap	84	423	22	4	2	84	10	3	54	119
48	806.abap	182	896	58	29	18	238	15	21	134	262
-72	807.abap	521	2169	183	43	71	445	67	17	593	765
64	808.abap	190	896	58	29	10	174	15	21	126	270
17	809.abap	169	912	65	8	25	266	14	3	152	235
12	810.abap	123	554	44	17	17	111	14	9	111	182
43	811.abap	167	896	58	29	10	254	15	21	124	246
-1	812.abap	424	2108	178	31	40	744	42	13	425	577
-17	813.abap	889	5339	359	58	47	1475	85	29	906	1289
40	814.abap	41	130	11	8	4	27	3	6	1	59
19	815.abap	138	862	52	16	8	291	14	9	119	202
3	816.abap	502	2313	178	34	30	545	59	20	499	734
-15	817.abap	252	1233	86	17	32	225	32	12	267	361
-170	818.abap	3494	11780	1240	259	583	3319	328	19	3664	4778
-12	819.abap	845	5007	364	67	29	1131	83	38	857	1268
462	820.abap	4401	14041	1628	336	501	4062	383	184	3939	5586
75	821.abap	968	3144	427	105	17	707	118	82	893	1245
-3	822.abap	145	849	48	6	27	138	16	5	148	221
-153	823.abap	1149	4186	428	84	295	1062	122	65	1302	1671
-8	824.abap	570	2156	210	59	8	599	76	22	578	803
-31	825.abap	767	3053	279	88	39	1032	90	16	798	1064
-646	826.abap	14686	61609	5195	1341	923	18815	1812	835	15332	22069
-18	827.abap	96	609	28	11	19	64	15	6	114	161
-8	828.abap	166	606	54	22	4	85	32	20	174	254
207	829.abap	2062	7109	571	154	381	2005	166	95	1855	3039
28	830.abap	2068	8040	751	106	350	2350	179	56	2040	2784
-199	831.abap	27467	109870	10071	2111	2422	35483	3074	1478	27666	39427
26	832.abap	883	3945	306	78	69	1115	87	27	857	1264
18	833.abap	614	2328	193	55	33	681	69	7	596	811
30	834.abap	84	421	22	4	2	86	10	3	54	117
-14	835.abap	212	1150	85	10	36	263	22	4	226	304
-180	836.abap	1171	5254	442	104	74	1405	167	57	1351	1708
18	837.abap	195	898	66	18	26	167	18	6	177	270
15	838.abap	208	1045	69	31	34	277	21	23	193	311
-21	839.abap	258	1449	114	14	35	423	27	6	279	369
47	840.abap	71	272	24	12	5	102	5	9	24	99
-92	841.abap	267	1707	118	15	50	493	36	4	359	411
45	842.abap	198	896	58	29	34	182	15	21	153	302
229	843.abap	4123	14461	1287	336	573	4728	382	164	3894	5863
-85	844.abap	7293	29209	2451	636	757	9489	785	330	7378	10698
21	845.abap	2112	7583	925	182	103	2410	234	83	2091	2917
3	846.abap	478	1695	147	54	53	552	59	30	475	700
-14	847.abap	194	1165	72	11	41	386	19	6	208	283
-517	848.abap	3979	18339	1486	403	315	5511	523	245	4496	6030
53	849.abap	1032	3706	314	95	135	1094	99	37	979	1479
650	850.abap	10687	38865	3681	958	964	13978	1029	414	10037	14323
45	851.abap	186	932	60	30	13	185	17	22	141	290
42	852.abap	66	272	24	12	5	102	5	9	24	93
-83	853.abap	542	2193	225	67	10	640	89	41	625	816
-730	854.abap	5263	23462	2035	528	261	7232	741	319	5993	7891
45	855.abap	198	896	58	29	34	182	15	21	153	294
-20	856.abap	1235	4891	471	154	126	1743	109	10	1255	1703
-39	857.abap	454	2077	187	22	75	522	50	18	493	630
38	858.abap	39	130	11	8	4	21	3	6	1	57
41	859.abap	39	130	11	8	2	29	3	6	-2	55
-10	860.abap	786	3090	286	81	48	863	100	52	796	1150
21	861.abap	32	244	15	14	0	19	6	14	11	49
-41	862.abap	355	1704	139	21	60	490	38	4	396	511
-2	863.abap	502	2489	193	20	37	737	54	9	504	703
-3	864.abap	487	2006	167	38	7	498	71	31	490	727
31	865.abap	415	1418	158	63	12	360	46	20	384	599
154	866.abap	967	3501	296	81	65	1004	90	43	813	1337
37	867.abap	3733	13503	1220	320	441	4470	392	157	3696	5344
28	868.abap	178	926	60	30	22	233	17	22	150	275
38	869.abap	188	928	60	30	22	217	17	22	150	283
114	870.abap	814	2957	300	38	12	828	82	10	700	1099
-26	871.abap	170	1175	75	7	34	491	17	1	196	257
63	872.abap	250	1226	86	39	16	411	20	26	187	357
-18	873.abap	333	1291	137	41	4	287	48	17	351	463
29	874.abap	140	494	51	21	22	130	13	12	111	205
27	875.abap	8931	33154	3195	693	1008	11338	941	404	8904	12707
32	876.abap	84	424	22	4	0	83	10	3	52	117
-17	877.abap	372	1760	124	19	42	427	45	12	389	544
94	878.abap	3545	12680	1203	227	331	4147	403	173	3451	5010
34	879.abap	39	130	11	8	8	21	3	6	5	59
-78	880.abap	804	3463	309	59	78	1102	105	41	882	1151
-94	881.abap	1090	4467	408	131	104	1456	118	18	1184	1542
150	882.abap	2414	8901	741	222	230	2675	243	106	2264	3445
-3	883.abap	587	2197	214	61	3	745	73	5	590	812
143	884.abap	1264	4696	429	103	60	1265	125	45	1121	1758
15	885.abap	47	267	12	4	2	25	8	3	32	68
61	886.abap	206	896	58	29	26	150	15	21	145	302
56	887.abap	997	3873	345	73	52	1093	107	27	941	1393
-222	888.abap	517	3774	206	30	53	830	86	24	739	854
91	889.abap	144	733	47	111	10	174	15	101	53	209
-112	890.abap	480	2533	180	31	140	641	46	11	592	736
65	891.abap	190	896	58	29	10	190	15	21	125	278
-22	892.abap	375	1958	164	25	44	683	37	6	397	516
37	893.abap	37	130	11	8	4	39	3	6	0	49
8	894.abap	659	2723	205	62	44	642	74	18	651	891
443	895.abap	4520	15492	1454	361	553	5023	391	164	4077	6233
-331	896.abap	6235	24163	2249	494	1217	8103	573	240	6566	9199
15	897.abap	47	265	12	4	2	27	8	3	32	66
14	898.abap	30	226	15	2	0	19	5	1	16	41
7	899.abap	1401	5489	481	81	215	1811	131	33	1394	1928
-62	900.abap	374	1732	143	20	65	356	48	14	436	528
117	901.abap	2177	7517	766	229	88	2414	263	148	2060	3097
-51	902.abap	981	4646	377	89	77	1421	108	36	1032	1431
21	903.abap	32	244	15	14	0	19	6	14	11	49
-100	904.abap	1166	5180	409	94	172	1864	114	6	1266	1675
21	905.abap	32	244	15	14	0	19	6	14	11	49
96	906.abap	150	734	47	110	10	170	15	100	54	211
976	907.abap	37245	126367	12751	3138	7483	38088	3006	1633	36269	52903
-226	908.abap	1054	4168	400	75	301	1061	115	49	1280	1535
-56	909.abap	458	2133	178	26	70	443	55	18	514	641
12	910.abap	80	385	29	7	6	64	11	3	68	123
148	911.abap	3952	12115	1257	346	984	2720	266	116	3804	5430
-121	912.abap	1358	5778	576	110	114	2243	167	62	1479	1980
-47	913.abap	257	1102	120	15	29	213	38	9	304	360
-61	914.abap	454	2013	160	39	115	415	44	16	515	655
30	915.abap	170	928	60	30	13	217	17	22	140	256
36	916.abap	190	896	58	29	34	174	15	21	154	286
210	917.abap	2028	6709	731	159	144	1970	197	74	1818	2768
-48	918.abap	355	1688	134	19	106	375	29	5	403	508
18	919.abap	924	3586	301	98	84	1026	101	45	906	1346
-153	920.abap	1475	5923	586	172	46	1861	205	78	1628	2230
21	921.abap	32	244	15	14	0	19	6	14	11	49
33	922.abap	1225	5035	405	109	79	1799	138	55	1192	1782
265	923.abap	2370	8170	782	164	325	2352	195	91	2105	3355
67	924.abap	269	1257	88	40	19	394	22	27	202	381
-113	925.abap	884	3607	310	91	188	1036	82	10	997	1274
504	926.abap	4126	13600	1391	521	148	3146	420	256	3622	5619
87	927.abap	143	736	47	108	10	162	15	98	56	201
21	928.abap	32	244	15	14	0	19	6	14	11	49
-231	929.abap	3277	13307	1112	241	143	5200	451	133	3508	4677
-116	930.abap	1341	7572	583	98	115	1883	134	49	1457	1971
137	931.abap	3434	12764	1172	285	283	4006	352	118	3297	4638
27	932.abap	170	957	62	31	6	236	19	23	143	256
53	933.abap	205	934	60	30	22	169	17	22	152	315
-91	934.abap	10974	43116	3651	1074	1359	12364	1101	503	11065	16351
-817	935.abap	7501	31934	2729	744	797	9983	915	394	8318	11075
-76	936.abap	1711	6092	581	163	237	1715	188	70	1787	2438
-207	937.abap	534	3199	192	34	91	453	84	25	741	848
-68	938.abap	347	1513	117	27	136	351	28	9	415	527
28	939.abap	156	922	60	30	4	265	17	22	128	242
-401	940.abap	13669	51001	4448	1134	3296	18864	1102	552	14070	20165
57	941.abap	496	1613	163	53	9	360	58	21	439	675
45	942.abap	198	896	58	29	34	182	15	21	153	294
3	943.abap	98	508	44	9	6	73	14	5	95	152
1	944.abap	108	515	35	10	19	129	13	2	107	174
-6	945.abap	283	1373	135	24	36	403	27	10	289	409
23	946.abap	443	1683	139	59	21	354	57	37	420	635
44	947.abap	172	923	60	30	4	257	17	22	128	263
798	948.abap	13999	56600	4281	1181	1328	17851	1376	648	13201	19912
17	949.abap	70	331	17	10	2	27	10	3	53	107
51	950.abap	175	896	58	29	10	238	15	21	124	255
-108	951.abap	707	2875	259	88	27	1038	97	4	815	1002
19	952.abap	2343	8768	870	233	324	2740	226	128	2324	3419
-51	953.abap	280	1415	106	30	38	397	34	2	331	417
397	954.abap	5369	22414	1872	650	614	9337	336	13	4972	6892
-316	955.abap	2726	13950	1179	338	188	4951	311	156	3042	3980
35	956.abap	31	130	11	8	0	39	3	6	-4	43
31	957.abap	441	1470	92	46	86	257	49	38	410	641
-125	958.abap	473	2498	211	43	23	833	75	19	598	666
-296	959.abap	2495	10423	958	156	485	4077	261	87	2791	3737
1276	960.abap	29282	99624	10018	2570	5730	29753	2264	1270	28006	41954
-736	961.abap	20617	91507	7502	1569	1675	33844	2386	1099	21353	31046
-125	962.abap	595	3108	248	44	45	910	90	36	720	897
-24	963.abap	742	4520	322	52	25	1041	75	30	766	1088
78	964.abap	838	2853	282	62	69	725	84	25	760	1095
-122	965.abap	1413	5522	605	274	132	1576	157	112	1535	1916
